ogc_fid,objectid,namobj,fcode,remark,metadata,srs_id,jnswdk,shape_leng,shape_area
1,1,Waduk Keureuto,,,,,0,0.36358096174,6.5161037E-4
2,2,Waduk Jeulikat,,,,,0,0.01203140023,2.57797E-6
3,3,Waduk Keuliling,,,,,0,0.32164678441,2.1537556E-4
4,4,Bendungan Jambo Aye,,,,,0,1.40011121754,0.00764182675
5,5,Bendungan Tiro,,,,,0,0.20124678794,4.2562772E-4
6,6,Bendungan Rukoh,,,,,0,0.30301455513,7.1952225E-4
7,7,Waduk Si Anjo Anjo,,,,,0,0.07407901276,3.406891E-5
8,8,Waduk Paya Nie,,,,,0,0.05920363971,3.381803E-5
9,9,Waduk Rajui,,,,,0,0.01894389859,1.054522E-5
